{"best_mean_auroc": 0.863671385694036, "lr": 9.99999993922529e-09}